id,name,address
1,Juan Bernal,33 hartington drivew
2,Tiffany,33 hartington
3,Santiago Perez,Geelong
4,Santiago Perez,Geelong
5,Santiago Perez,Geelong
6,Santiago Perez,Geelong
7,Santiago Perez,Geelong
8,Santiago Perez,Geelong
9,Santiago Perez,Geelong
10,Santiago Perez,Geelong
11,Santiago Perez,Geelong
12,Santiago Perez,Geelong
13,Santiago Perez,Geelong
14,Santiago Perez,Geelong
15,Santiago Perez,Geelong
16,Santiago Perez,Geelong
17,Santiago Perez,Geelong
18,Santiago Perez,Geelong
19,Santiago Perez,Geelong
20,Santiago Perez,Geelong
21,Santiago Perez,Geelong
22,Santiago Perez,Geelong
23,Santiago Perez,Geelong
24,Santiago Perez,Geelong
25,Santiago Perez,Geelong
26,Santiago Perez,Geelong
27,Santiago Perez,Geelong
28,Santiago Perez,Geelong
29,Santiago Perez,Geelong
30,Santiago Perez,Geelong
31,Santiago Perez,Geelong
32,Santiago Perez,Geelong
33,Santiago Perez,Geelong
34,Santiago Perez,Geelong
35,Santiago Perez,Geelong
36,Santiago Perez,Geelong
37,Santiago Perez,Geelong
38,Santiago Perez,Geelong
39,Santiago Perez,Geelong
40,Santiago Perez,Geelong
41,Santiago Perez,Geelong
42,Santiago Perez,Geelong
43,Santiago Perez,Geelong
44,Santiago Perez,Geelong
