id,username,password,role
2,juan,secret,manager
3,juan,secret,manager
4,paola,secret,driver
5,David Santiago,secret,driver
6,David Santiago,secret,driver
7,David Santiago,secret,driver
8,David Santiago,secret,driver
9,David Santiago,secret,driver
10,David Santiago,secret,driver
11,David Santiago,secret,driver
12,David Santiago,secret,driver
13,David Santiago,secret,driver
14,David Santiago,secret,driver
15,David Santiago,secret,driver
16,David Santiago,secret,driver
17,David Santiago,secret,driver
18,David Santiago,secret,driver
19,David Santiago,secret,driver
20,David Santiago,secret,driver
21,David Santiago,secret,driver
22,David Santiago,secret,driver
23,David Santiago,secret,driver
24,David Santiago,secret,driver
25,David Santiago,secret,driver
26,David Santiago,secret,driver
27,David Santiago,secret,driver
28,David Santiago,secret,driver
29,David Santiago,secret,driver
30,David Santiago,secret,driver
31,David Santiago,secret,driver
32,David Santiago,secret,driver
33,David Santiago,secret,driver
34,David Santiago,secret,driver
35,David Santiago,secret,driver
36,David Santiago,secret,driver
37,David Santiago,secret,driver
38,David Santiago,secret,driver
39,David Santiago,secret,driver
40,David Santiago,secret,driver
41,David Santiago,secret,driver
42,David Santiago,secret,driver
43,David Santiago,secret,driver
44,David Santiago,secret,driver
45,David Santiago,secret,driver
46,David Santiago,secret,driver
